{"cameraMode":{"drawMode":0,"name":"Shaded","section":"Shading Mode"},"sceneLighting":true,"audioPlay":false,"sceneViewState":{"m_AlwaysRefresh":false,"showFog":true,"showSkybox":true,"showFlares":true,"showImageEffects":true,"showParticleSystems":true,"showVisualEffectGraphs":true,"m_FxEnabled":true},"in2DMode":false,"pivot":{"x":231.4292449951172,"y":-11.411773681640625,"z":-596.0899658203125},"rotation":{"x":-0.041519444435834888,"y":0.9083461761474609,"z":-0.40564286708831789,"w":-0.09297406673431397},"size":1244.562255859375,"orthographic":false}