{"cameraMode":{"drawMode":0,"name":"Shaded","section":"Shading Mode"},"sceneLighting":true,"audioPlay":false,"sceneViewState":{"m_AlwaysRefresh":false,"showFog":true,"showSkybox":true,"showFlares":true,"showImageEffects":true,"showParticleSystems":true,"showVisualEffectGraphs":true,"m_FxEnabled":true},"in2DMode":false,"pivot":{"x":-0.44378650188446047,"y":0.04847562313079834,"z":0.4392509460449219},"rotation":{"x":-0.06860392540693283,"y":0.9169163703918457,"z":-0.1799660474061966,"w":-0.34953245520591738},"size":6.206033706665039,"orthographic":false}